variant,opponent_deal_size,trials,seed,hand,hand_cards,equity_vs_2,win_vs_2,tie_vs_2,equity_vs_3,win_vs_3,tie_vs_3,equity_vs_4,win_vs_4,tie_vs_4,equity_vs_5,win_vs_5,tie_vs_5,equity_vs_6,win_vs_6,tie_vs_6,equity_vs_7,win_vs_7,tie_vs_7
"Deal 6, discard 3 (keep best 3)",6,60000,20260926,Three of a kind - 3s (tong),3♠ 3♥ 3♦,91.24,91.24,0.0,87.13,87.13,0.0,83.16,83.16,0.0,79.45,79.45,0.0,76.01,76.01,0.0,72.61,72.61,0.0
"Deal 6, discard 3 (keep best 3)",6,60000,20260927,Straight flush 7-8-9 (sf),7♠ 8♠ 9♠,87.73,87.47,0.54,81.92,81.53,0.77,76.73,76.25,0.97,71.97,71.41,1.13,67.5,66.86,1.27,63.38,62.69,1.39
"Deal 6, discard 3 (keep best 3)",6,60000,20260928,Sian straight J-Q-K (sian riang),J♠ Q♥ K♦,82.1,80.16,3.9,74.05,71.39,5.34,67.07,63.88,6.43,60.82,57.2,7.29,55.25,51.3,7.97,50.17,45.95,8.53
"Deal 6, discard 3 (keep best 3)",6,60000,20260929,Sian pair of Kings (sian),K♠ K♥ J♦,79.17,78.96,0.42,70.41,70.11,0.6,62.79,62.44,0.7,55.95,55.55,0.81,49.84,49.42,0.85,44.32,43.89,0.85
"Deal 6, discard 3 (keep best 3)",6,60000,20260930,Straight 10-J-Q (riang),10♠ J♥ Q♦,64.56,63.37,2.38,51.49,50.07,2.85,40.85,39.28,3.16,31.93,30.28,3.31,24.73,23.13,3.23,19.01,17.53,2.99
"Deal 6, discard 3 (keep best 3)",6,60000,20260931,Flush K-9-4 (see),K♠ 9♠ 4♠,15.6,15.54,0.11,6.09,6.06,0.07,2.36,2.34,0.03,0.92,0.91,0.02,0.36,0.36,0.01,0.14,0.14,0.01
"Deal 6, discard 3 (keep best 3)",6,60000,20260932,Point 9 with a pair (tam),9♠ 9♥ A♦,3.56,3.53,0.05,0.64,0.63,0.01,0.13,0.13,0.0,0.02,0.02,0.0,0.0,0.0,0.0,0.0,0.0,0.0
"Deal 6, discard 3 (keep best 3)",6,60000,20260933,Point 9 no pair (tam),8♠ K♥ A♦,2.3,2.24,0.12,0.34,0.32,0.03,0.05,0.05,0.01,0.01,0.01,0.0,0.0,0.0,0.0,0.0,0.0,0.0
"Deal 6, discard 3 (keep best 3)",6,60000,20260934,Point 5 no pair (tam),5♠ Q♥ K♦,0.0,0.0,0.0,0.0,0.0,0.0,0.0,0.0,0.0,0.0,0.0,0.0,0.0,0.0,0.0,0.0,0.0,0.0
"Deal 6, discard 3 (keep best 3)",6,60000,20260935,Point 0 bust (tam),10♠ J♥ K♦,0.0,0.0,0.0,0.0,0.0,0.0,0.0,0.0,0.0,0.0,0.0,0.0,0.0,0.0,0.0,0.0,0.0,0.0
