variant,opponent_deal_size,trials,seed,hand,hand_cards,equity_vs_2,win_vs_2,tie_vs_2,equity_vs_3,win_vs_3,tie_vs_3,equity_vs_4,win_vs_4,tie_vs_4,equity_vs_5,win_vs_5,tie_vs_5,equity_vs_6,win_vs_6,tie_vs_6,equity_vs_7,win_vs_7,tie_vs_7,equity_vs_8,win_vs_8,tie_vs_8,equity_vs_9,win_vs_9,tie_vs_9
"Baseline (deal 3 direct / 2+1, no card selection)",3,1000000,20260926,Three of a kind - 3s (tong),3♠ 3♥ 3♦,99.52,99.52,0.0,99.29,99.29,0.0,99.05,99.05,0.0,98.81,98.81,0.0,98.58,98.58,0.0,98.34,98.34,0.0,98.11,98.11,0.0,97.87,97.87,0.0
"Baseline (deal 3 direct / 2+1, no card selection)",3,1000000,20260927,Straight flush 7-8-9 (sf),7♠ 8♠ 9♠,99.33,99.31,0.04,98.98,98.96,0.05,98.64,98.61,0.07,98.3,98.26,0.09,97.97,97.91,0.1,97.64,97.58,0.12,97.31,97.24,0.14,96.97,96.9,0.15
"Baseline (deal 3 direct / 2+1, no card selection)",3,1000000,20260928,Sian straight J-Q-K (sian riang),J♠ Q♥ K♦,98.97,98.83,0.28,98.47,98.26,0.41,97.95,97.68,0.55,97.44,97.1,0.68,96.94,96.53,0.81,96.44,95.97,0.94,95.94,95.39,1.08,95.44,94.84,1.22
"Baseline (deal 3 direct / 2+1, no card selection)",3,1000000,20260929,Sian pair of Kings (sian),K♠ K♥ J♦,98.75,98.73,0.03,98.12,98.1,0.05,97.52,97.49,0.07,96.91,96.87,0.08,96.31,96.26,0.1,95.72,95.67,0.11,95.13,95.07,0.12,94.56,94.49,0.14
"Baseline (deal 3 direct / 2+1, no card selection)",3,1000000,20260930,Straight 10-J-Q (riang),10♠ J♥ Q♦,97.26,97.12,0.28,95.9,95.69,0.42,94.59,94.31,0.55,93.3,92.96,0.68,92.02,91.62,0.8,90.73,90.27,0.93,89.45,88.93,1.05,88.2,87.62,1.16
"Baseline (deal 3 direct / 2+1, no card selection)",3,1000000,20260931,Flush K-9-4 (see),K♠ 9♠ 4♠,88.31,88.3,0.03,82.99,82.96,0.04,77.98,77.96,0.05,73.28,73.25,0.06,68.86,68.82,0.07,64.7,64.67,0.08,60.83,60.79,0.09,57.18,57.13,0.09
"Baseline (deal 3 direct / 2+1, no card selection)",3,1000000,20260932,Point 9 with a pair (tam),9♠ 9♥ A♦,81.41,81.39,0.03,73.5,73.48,0.04,66.34,66.32,0.05,59.91,59.88,0.06,54.09,54.06,0.06,48.84,48.8,0.06,44.13,44.1,0.07,39.88,39.85,0.07
"Baseline (deal 3 direct / 2+1, no card selection)",3,1000000,20260933,Point 9 no pair (tam),8♠ K♥ A♦,79.79,79.67,0.25,71.27,71.1,0.33,63.7,63.5,0.4,56.94,56.72,0.44,50.88,50.64,0.47,45.46,45.21,0.49,40.66,40.41,0.5,36.35,36.09,0.51
"Baseline (deal 3 direct / 2+1, no card selection)",3,1000000,20260934,Point 5 no pair (tam),5♠ Q♥ K♦,26.65,26.58,0.15,13.75,13.7,0.12,7.09,7.05,0.08,3.66,3.63,0.05,1.89,1.87,0.03,0.97,0.96,0.02,0.5,0.49,0.01,0.25,0.25,0.01
"Baseline (deal 3 direct / 2+1, no card selection)",3,1000000,20260935,Point 0 bust (tam),10♠ J♥ K♦,0.23,0.22,0.01,0.01,0.01,0.0,0.0,0.0,0.0,0.0,0.0,0.0,0.0,0.0,0.0,0.0,0.0,0.0,0.0,0.0,0.0,0.0,0.0,0.0
