hand,hand_cards,equity_vs_2,win_vs_2,tie_vs_2,equity_vs_3,win_vs_3,tie_vs_3,equity_vs_4,win_vs_4,tie_vs_4,equity_vs_5,win_vs_5,tie_vs_5,equity_vs_6,win_vs_6,tie_vs_6,equity_vs_7,win_vs_7,tie_vs_7,equity_vs_8,win_vs_8,tie_vs_8,equity_vs_9,win_vs_9,tie_vs_9
Three of a kind - 3s (tong),3♠ 3♥ 3♦,95.46,95.46,0.0,93.27,93.27,0.0,91.16,91.16,0.0,89.07,89.07,0.0,87.07,87.07,0.0,85.09,85.09,0.0,83.18,83.18,0.0,81.29,81.29,0.0
Straight flush 7-8-9 (sf),7♠ 8♠ 9♠,93.59,93.43,0.31,90.52,90.29,0.45,87.56,87.27,0.57,84.71,84.36,0.68,81.94,81.55,0.78,79.28,78.84,0.88,76.72,76.24,0.97,74.23,73.71,1.04
Sian straight J-Q-K (sian riang),J♠ Q♥ K♦,90.38,89.23,2.28,85.96,84.33,3.25,81.73,79.66,4.13,77.74,75.3,4.9,73.96,71.16,5.59,70.37,67.28,6.19,66.98,63.62,6.71,63.73,60.13,7.19
Sian pair of Kings (sian),K♠ K♥ J♦,88.74,88.62,0.25,83.62,83.45,0.35,78.78,78.56,0.45,74.26,73.99,0.53,70.0,69.7,0.6,66.0,65.66,0.67,62.19,61.83,0.73,58.59,58.21,0.78
Straight 10-J-Q (riang),10♠ J♥ Q♦,79.26,78.44,1.63,70.41,69.31,2.21,62.4,61.07,2.66,55.18,53.68,3.01,48.67,47.03,3.27,42.74,41.02,3.44,37.44,35.68,3.53,32.67,30.89,3.57
Flush K-9-4 (see),K♠ 9♠ 4♠,36.8,36.74,0.12,22.32,22.26,0.11,13.52,13.48,0.09,8.21,8.17,0.07,4.96,4.93,0.05,3.0,2.98,0.04,1.81,1.8,0.02,1.09,1.08,0.02
Point 9 with a pair (tam),9♠ 9♥ A♦,17.77,17.72,0.09,7.53,7.5,0.06,3.21,3.19,0.03,1.36,1.35,0.02,0.57,0.56,0.01,0.24,0.24,0.0,0.1,0.1,0.0,0.04,0.04,0.0
Point 9 no pair (tam),8♠ K♥ A♦,8.78,3.03,11.5,3.05,0.52,5.04,1.12,0.09,2.07,0.42,0.02,0.81,0.16,0.0,0.31,0.06,0.0,0.12,0.02,0.0,0.05,0.01,0.0,0.02
Point 5 no pair (tam),5♠ Q♥ K♦,0.0,0.0,0.0,0.0,0.0,0.0,0.0,0.0,0.0,0.0,0.0,0.0,0.0,0.0,0.0,0.0,0.0,0.0,0.0,0.0,0.0,0.0,0.0,0.0
Point 0 bust (tam),10♠ J♥ K♦,0.0,0.0,0.0,0.0,0.0,0.0,0.0,0.0,0.0,0.0,0.0,0.0,0.0,0.0,0.0,0.0,0.0,0.0,0.0,0.0,0.0,0.0,0.0,0.0
